{
    "horse" : 
    {
        "x1" : 989.8557312252962,
        "y1" : 69.48080180688885,
        "x2" : 2805.7789384528514,
        "y2" : 1958.583003952569
    },
    "pig" :
    {
        "x1" : 710.6914172783737,
        "y1" : 408.27244494635806,
        "x2" : 2785.451439864483,
        "y2" :1946.3865047995482
    },
    "nefertiti" :
    {
        "x1" : 1240.5615471485035,
        "y1" : 0.3673066064370687,
        "x2" : 2819.33060417843,
        "y2" : 1993.8173348390737
    }
}
