{
    "farClipRatio": 20.0,
    "fov": 45.0,
    "nearClipRatio": 0.005,
    "projectionMode": "Perspective",
    "viewMat": [
        -0.997485816478729,
        1.01863406598568e-09,
        -0.0708481520414352,
        2.91939067840576,
        -0.0603937432169914,
        -0.522818148136139,
        0.850298345088959,
        -13.1605310440063,
        -0.0370406247675419,
        0.852441668510437,
        0.521505117416382,
        -114.497497558594,
        0.0,
        0.0,
        0.0,
        1.0
    ],
    "windowHeight": 2064,
    "windowWidth": 3840
}