{
    "farClipRatio": 20.0,
    "fov": 45.0,
    "nearClipRatio": 0.005,
    "projectionMode": "Perspective",
    "viewMat": [
        0.96787303686142,
        1.25146470963955e-09,
        -0.251438438892365,
        -0.194935351610184,
        -0.0901818796992302,
        0.933465301990509,
        -0.34714087843895,
        -0.171068787574768,
        0.234709545969963,
        0.358663618564606,
        0.903475999832153,
        -5.8663010597229,
        0.0,
        0.0,
        0.0,
        1.0
    ],
    "windowHeight": 2064,
    "windowWidth": 3840
}