{
    "farClipRatio": 20.0,
    "fov": 45.0,
    "nearClipRatio": 0.005,
    "projectionMode": "Perspective",
    "viewMat": [
        0.720227658748627,
        1.28056854009628e-09,
        0.693738460540771,
        0.000236407591728494,
        -0.156414076685905,
        -0.974249303340912,
        0.16238622367382,
        0.000309708266286179,
        0.675875663757324,
        -0.225465342402458,
        -0.701681554317474,
        -1.17828118801117,
        0.0,
        0.0,
        0.0,
        1.0
    ],
    "windowHeight": 2064,
    "windowWidth": 3840
}